MarriedID,MaritalStatusID,GenderID,DeptID,PerfScoreID,FromDiversityJobFairID,Salary,Termd,PositionID,Position,State,Sex,MaritalDesc,CitizenDesc,HispanicLatino,RaceDesc,Department,RecruitmentSource,PerformanceScore,EngagementSurvey,EmpSatisfaction,SpecialProjectsCount,DaysLateLast30,Absences,Age,TenureYears,DaysSinceLastReview
0,0,1,5,4,0,62506,0,19,Production Technician I,MA,M,Single,US Citizen,No,White,Production,LinkedIn,Exceeds,4.6,5,0,0,1,35.5,7.49,-16
1,1,1,3,3,0,104437,1,27,Sr. DBA,MA,M,Married,US Citizen,No,White,IT/IS,Indeed,Fully Meets,4.96,3,6,0,17,-56.3,3.76,1042
1,1,0,5,3,0,64955,1,20,Production Technician II,MA,F,Married,US Citizen,No,White,Production,LinkedIn,Fully Meets,3.02,3,0,0,3,30.3,7.49,2422
1,1,0,5,3,0,64991,0,19,Production Technician I,MA,F,Married,US Citizen,No,White,Production,Indeed,Fully Meets,4.84,5,0,0,15,30.3,10.98,-2
0,2,0,5,3,0,50825,1,19,Production Technician I,MA,F,Divorced,US Citizen,No,White,Production,Google Search,Fully Meets,5.0,4,0,0,2,29.3,7.48,1065
0,0,0,5,4,0,57568,0,19,Production Technician I,MA,F,Single,US Citizen,No,White,Production,LinkedIn,Exceeds,5.0,5,0,0,15,41.6,6.98,-6
0,0,0,4,3,0,95660,0,24,Software Engineer,MA,F,Single,US Citizen,No,White,Software Engineering,LinkedIn,Fully Meets,3.04,3,4,0,19,39.6,4.14,-1
0,4,1,5,3,0,59365,0,19,Production Technician I,MA,M,Widowed,US Citizen,No,White,Production,Employee Referral,Fully Meets,5.0,4,0,0,19,35.9,5.25,-55
0,0,0,5,3,1,47837,0,19,Production Technician I,MA,F,Single,US Citizen,No,Black or African American,Production,Diversity Job Fair,Fully Meets,4.46,3,0,0,4,-51.1,9.49,-24
0,2,1,3,3,0,50178,0,14,IT Support,MA,M,Divorced,US Citizen,No,White,IT/IS,Indeed,Fully Meets,5.0,5,6,0,16,31.0,3.99,-48
1,1,0,5,3,1,54670,1,19,Production Technician I,MA,F,Married,US Citizen,Yes,Black or African American,Production,Diversity Job Fair,Fully Meets,4.2,4,0,0,12,-55.0,7.98,1067
1,1,1,5,3,1,47211,1,19,Production Technician I,MA,M,Married,US Citizen,Yes,Black or African American,Production,Diversity Job Fair,Fully Meets,4.2,3,0,0,15,-55.1,6.75,970
0,2,1,3,4,1,92328,0,9,Data Analyst,TX,M,Divorced,US Citizen,No,Black or African American,IT/IS,Diversity Job Fair,Exceeds,4.28,4,5,0,9,30.5,4.14,-55
0,0,1,5,3,0,58709,0,19,Production Technician I,MA,M,Single,US Citizen,No,Two or more races,Production,Google Search,Fully Meets,4.6,4,0,0,7,35.5,6.86,-44
0,2,1,5,3,0,52505,1,19,Production Technician I,MA,M,Divorced,US Citizen,No,White,Production,On-line Web application,Fully Meets,5.0,5,0,0,1,41.5,6.27,670
0,0,1,5,3,0,57834,1,19,Production Technician I,MA,M,Single,US Citizen,No,White,Production,Google Search,Fully Meets,5.0,4,0,0,20,37.2,7.86,636
1,1,0,5,4,0,70131,0,20,Production Technician II,MA,F,Married,US Citizen,No,White,Production,Employee Referral,Exceeds,4.4,3,0,0,16,-47.3,2.45,-13
0,0,0,5,3,0,59026,0,19,Production Technician I,MA,F,Single,Eligible NonCitizen,No,White,Production,Google Search,Fully Meets,5.0,5,0,0,12,-51.8,7.75,-13
0,0,0,3,3,0,110000,1,8,Database Administrator,MA,F,Single,US Citizen,Yes,White,IT/IS,Google Search,Fully Meets,4.5,4,5,0,8,32.7,4.49,1447
0,0,1,5,3,0,53250,0,19,Production Technician I,MA,M,Single,US Citizen,No,Asian,Production,LinkedIn,Fully Meets,4.2,4,0,0,13,39.7,5.48,-10
0,0,1,5,3,0,51044,0,19,Production Technician I,MA,M,Single,US Citizen,Yes,White,Production,Google Search,Fully Meets,5.0,3,0,0,13,-52.0,6.75,-13
0,2,0,5,3,0,64919,0,19,Production Technician I,MA,F,Divorced,US Citizen,No,Asian,Production,Indeed,Fully Meets,4.2,3,0,0,2,-40.0,5.37,-9
1,1,0,5,4,0,62910,0,19,Production Technician I,MA,F,Married,US Citizen,No,White,Production,Indeed,Exceeds,5.0,3,0,0,19,29.3,4.49,-57
0,0,0,5,2,0,66441,0,20,Production Technician II,MA,F,Single,US Citizen,No,White,Production,CareerBuilder,Needs Improvement,2.0,3,0,2,3,28.3,7.75,-57
0,0,0,5,3,0,57815,1,20,Production Technician II,MA,F,Single,US Citizen,No,White,Production,Google Search,Fully Meets,4.8,5,0,0,5,-48.0,7.98,1764
0,0,1,3,3,0,103613,1,30,Enterprise Architect,CT,M,Single,US Citizen,No,Black or African American,IT/IS,LinkedIn,Fully Meets,3.5,5,7,0,2,-45.6,4.87,1087
1,1,0,1,3,1,106367,0,26,Sr. Accountant,MA,F,Married,US Citizen,No,Black or African American,Admin Offices,Diversity Job Fair,Fully Meets,5.0,4,3,0,4,31.7,3.87,-48
0,0,1,5,3,0,74312,1,18,Production Manager,MA,M,Single,US Citizen,No,Asian,Production,Indeed,Fully Meets,3.39,3,0,0,14,-51.2,5.25,1776
1,1,0,5,3,0,53492,1,19,Production Technician I,MA,F,Married,US Citizen,No,White,Production,Google Search,Fully Meets,3.35,4,0,0,6,28.4,6.75,2129
1,1,0,1,3,1,63000,0,1,Accountant I,MA,F,Married,US Citizen,No,Black or African American,Admin Offices,Diversity Job Fair,Fully Meets,4.5,2,6,0,14,31.1,10.18,-14
0,0,1,5,3,0,65288,0,20,Production Technician II,MA,M,Single,US Citizen,No,White,Production,Google Search,Fully Meets,3.19,3,0,0,9,35.4,4.26,-31
0,3,0,5,3,1,64375,0,19,Production Technician I,MA,F,Separated,US Citizen,No,Black or African American,Production,Diversity Job Fair,Fully Meets,3.5,5,0,0,17,-50.8,5.14,-20
1,1,0,6,3,0,74326,1,3,Area Sales Manager,VA,F,Married,Eligible NonCitizen,No,Black or African American,Sales,Google Search,Fully Meets,3.14,5,0,1,19,-45.4,7.38,2151
0,0,0,5,3,0,63763,0,20,Production Technician II,MA,F,Single,US Citizen,No,Black or African American,Production,Employee Referral,Fully Meets,4.51,4,0,0,3,38.8,6.83,-51
1,1,1,5,3,0,62162,0,20,Production Technician II,MA,M,Married,US Citizen,No,White,Production,Indeed,Fully Meets,3.25,5,0,0,15,41.4,7.75,-13
0,0,1,4,3,0,77692,0,25,Software Engineering Manager,MA,M,Single,US Citizen,No,White,Software Engineering,Google Search,Fully Meets,3.84,3,5,0,4,-47.9,7.38,-20
0,0,1,5,4,0,72640,0,18,Production Manager,MA,M,Single,US Citizen,No,White,Production,Indeed,Exceeds,5.0,3,0,0,14,35.4,2.93,-52
0,0,0,4,3,0,93396,0,24,Software Engineer,MA,F,Single,US Citizen,No,White,Software Engineering,Indeed,Fully Meets,4.96,4,6,0,3,31.7,5.14,-29
0,0,1,5,3,0,52846,0,19,Production Technician I,MA,M,Single,US Citizen,No,Black or African American,Production,LinkedIn,Fully Meets,4.43,3,0,0,14,35.9,4.76,-31
0,0,0,3,3,0,100031,0,27,Sr. DBA,MA,F,Single,US Citizen,No,Black or African American,IT/IS,LinkedIn,Fully Meets,5.0,5,6,0,7,32.6,2.51,-48
0,0,0,6,3,0,71860,0,3,Area Sales Manager,VT,F,Single,US Citizen,No,White,Sales,Indeed,Fully Meets,5.0,5,0,0,7,-44.4,4.37,-20
0,0,0,5,3,0,61656,0,19,Production Technician I,MA,F,Single,US Citizen,No,White,Production,Google Search,Fully Meets,5.0,4,0,0,11,-32.0,4.26,-42
1,1,1,3,3,0,110929,0,5,BI Director,MA,M,Married,US Citizen,No,White,IT/IS,Indeed,Fully Meets,4.5,5,7,0,8,-53.1,2.32,-14
0,0,0,5,3,0,54237,0,19,Production Technician I,MA,F,Single,US Citizen,No,White,Production,Indeed,Fully Meets,3.3,4,0,0,11,39.9,4.64,-49
0,0,1,5,3,0,60380,0,19,Production Technician I,MA,M,Single,US Citizen,No,White,Production,LinkedIn,Fully Meets,3.8,5,0,0,4,35.4,5.48,-13
0,0,1,6,3,0,66808,0,3,Area Sales Manager,TX,M,Single,Eligible NonCitizen,No,Black or African American,Sales,Employee Referral,Fully Meets,3.0,5,0,0,17,-51.4,6.63,-18
0,0,0,5,3,0,64786,1,19,Production Technician I,MA,F,Single,US Citizen,No,White,Production,Indeed,Fully Meets,4.3,4,0,0,3,35.3,7.52,1393
0,0,0,5,3,0,64816,0,19,Production Technician I,MA,F,Single,Non-Citizen,No,Black or African American,Production,Indeed,Fully Meets,3.58,5,0,0,3,30.6,7.25,-29
0,0,1,3,3,0,68678,0,14,IT Support,MA,M,Single,US Citizen,No,White,IT/IS,Indeed,Fully Meets,4.7,3,6,0,2,33.3,6.32,-57
1,1,0,5,3,0,64066,1,20,Production Technician II,MA,F,Married,US Citizen,No,White,Production,Google Search,Fully Meets,4.2,5,0,0,9,37.3,7.63,2434
1,1,1,5,3,0,59369,1,20,Production Technician II,MA,M,Married,US Citizen,No,White,Production,Indeed,Fully Meets,4.2,4,0,0,6,40.1,8.34,2799
1,1,1,5,4,0,50373,0,19,Production Technician I,MA,M,Married,US Citizen,No,White,Production,Employee Referral,Exceeds,4.1,4,0,0,5,38.3,2.49,-58
0,0,1,5,3,0,63108,0,19,Production Technician I,MA,M,Single,US Citizen,No,White,Production,Employee Referral,Fully Meets,4.4,5,0,0,3,41.3,5.48,-13
0,0,1,5,2,0,59144,1,19,Production Technician I,MA,M,Single,US Citizen,No,Black or African American,Production,LinkedIn,Needs Improvement,2.0,3,0,5,16,39.4,7.48,975
0,2,1,5,2,0,68051,0,18,Production Manager,MA,M,Divorced,US Citizen,No,White,Production,CareerBuilder,Needs Improvement,4.13,2,0,3,3,-57.0,8.45,-13
0,0,1,5,4,0,170500,0,10,Director of Operations,MA,M,Single,US Citizen,No,Black or African American,Production,Indeed,Exceeds,3.7,5,0,0,15,35.8,9.99,-34
1,1,0,5,3,0,63381,0,19,Production Technician I,MA,F,Married,US Citizen,Yes,White,Production,Indeed,Fully Meets,4.73,5,0,0,6,41.8,3.99,-44
1,1,1,3,3,0,83552,0,9,Data Analyst,MA,M,Married,US Citizen,No,White,IT/IS,Indeed,Fully Meets,3.04,3,6,0,2,32.4,3.76,-21
0,0,0,5,3,0,56149,0,19,Production Technician I,MA,F,Single,US Citizen,No,White,Production,LinkedIn,Fully Meets,4.12,5,0,0,15,31.7,2.49,-27
0,0,1,3,3,0,92329,0,28,Sr. Network Engineer,CT,M,Single,US Citizen,No,White,IT/IS,Employee Referral,Fully Meets,5.0,3,4,0,5,-46.7,4.14,-1
0,0,0,6,3,0,65729,0,21,Sales Manager,VT,F,Single,US Citizen,No,White,Sales,Indeed,Fully Meets,4.62,4,0,0,8,28.7,4.66,-23
1,1,0,3,3,0,85028,0,28,Sr. Network Engineer,CT,F,Married,US Citizen,No,White,IT/IS,LinkedIn,Fully Meets,3.1,5,8,0,19,-33.0,4.14,-42
1,1,0,5,3,0,57583,0,19,Production Technician I,MA,F,Married,US Citizen,No,White,Production,Indeed,Fully Meets,5.0,3,0,0,1,40.2,6.5,-55
0,0,1,5,3,0,56294,0,20,Production Technician II,MA,M,Single,Eligible NonCitizen,No,Two or more races,Production,LinkedIn,Fully Meets,3.96,4,0,0,6,39.3,7.15,-57
1,1,1,6,1,0,56991,0,19,Production Technician I,MA,M,Married,US Citizen,No,White,Production,Indeed,Fully Meets,4.3,4,3,2,2,30.7,0.48,-30
1,1,1,5,3,0,55722,1,19,Production Technician I,MA,M,Married,US Citizen,No,White,Production,Indeed,Fully Meets,5.0,4,0,0,14,41.2,7.63,1004
0,0,0,4,3,0,101199,0,24,Software Engineer,MA,F,Single,US Citizen,No,Black or African American,Software Engineering,CareerBuilder,Fully Meets,3.79,5,5,0,8,39.5,6.98,-24
0,0,1,6,1,0,61568,0,3,Area Sales Manager,AL,M,Single,US Citizen,No,Two or more races,Sales,Indeed,PIP,1.93,3,0,6,5,-56.8,4.26,-29
0,3,0,5,3,0,58275,1,20,Production Technician II,MA,F,Separated,US Citizen,No,Black or African American,Production,Google Search,Fully Meets,4.62,5,0,0,1,-32.2,7.75,1336
1,1,1,5,1,0,53189,0,19,Production Technician I,MA,M,Married,US Citizen,No,White,Production,Indeed,PIP,1.12,2,0,4,9,-48.3,4.49,-30
0,0,1,3,3,0,96820,0,4,BI Developer,MA,M,Single,US Citizen,No,White,IT/IS,Indeed,Fully Meets,3.01,5,7,0,15,35.3,1.88,-22
0,0,1,5,3,0,51259,0,19,Production Technician I,MA,M,Single,US Citizen,No,White,Production,Indeed,Fully Meets,4.3,4,0,0,1,36.1,4.64,-49
0,0,0,6,1,0,59231,0,3,Area Sales Manager,WA,F,Single,US Citizen,Yes,White,Sales,Website,PIP,2.3,1,0,2,17,31.6,6.86,-28
1,1,0,5,2,0,61584,0,19,Production Technician I,MA,F,Married,US Citizen,No,Black or African American,Production,Indeed,Needs Improvement,3.88,4,0,0,6,40.1,5.98,-17
0,0,0,5,3,0,46335,0,19,Production Technician I,MA,F,Single,US Citizen,Yes,White,Production,CareerBuilder,Fully Meets,3.4,5,0,0,15,32.2,6.75,-49
1,1,0,3,3,0,70621,0,14,IT Support,MA,F,Married,US Citizen,No,White,IT/IS,Employee Referral,Fully Meets,4.11,4,6,0,16,30.5,3.99,-55
0,0,1,3,4,0,138888,0,13,IT Manager - Support,MA,M,Single,US Citizen,No,Black or African American,IT/IS,Indeed,Exceeds,4.3,5,5,0,4,-51.5,4.99,-3
0,0,0,6,4,0,74241,0,3,Area Sales Manager,CA,F,Single,US Citizen,No,White,Sales,Indeed,Exceeds,4.77,5,0,0,14,30.1,7.98,-26
0,0,0,5,3,0,75188,0,18,Production Manager,MA,F,Single,US Citizen,No,White,Production,Google Search,Fully Meets,4.52,4,0,0,4,-54.9,4.29,-14
1,1,0,5,3,0,62514,0,19,Production Technician I,MA,F,Married,US Citizen,No,White,Production,Google Search,Fully Meets,2.9,3,0,0,6,-54.7,8.68,-20
1,1,0,5,3,0,60070,1,19,Production Technician I,MA,F,Married,US Citizen,No,White,Production,Google Search,Fully Meets,5.0,3,0,0,7,27.3,7.75,632
0,0,1,5,3,0,48888,0,19,Production Technician I,MA,M,Single,US Citizen,No,White,Production,LinkedIn,Fully Meets,4.7,5,0,0,8,-55.4,4.14,-43
1,1,1,5,3,0,54285,0,19,Production Technician I,MA,M,Married,US Citizen,No,White,Production,Employee Referral,Fully Meets,4.2,3,0,0,3,40.4,4.76,-10
0,3,0,5,1,0,56847,0,20,Production Technician II,MA,F,Separated,US Citizen,No,White,Production,Indeed,PIP,3.0,1,0,2,5,29.4,4.49,-55
0,0,1,5,2,0,60340,1,19,Production Technician I,MA,M,Single,US Citizen,No,White,Production,Google Search,Needs Improvement,5.0,4,0,5,16,35.3,6.75,264
0,0,0,5,2,0,59124,1,19,Production Technician I,MA,F,Single,US Citizen,No,White,Production,Google Search,Needs Improvement,2.3,3,0,5,19,29.7,4.87,716
1,1,0,4,2,0,99280,1,24,Software Engineer,MA,F,Married,US Citizen,No,Black or African American,Software Engineering,Indeed,Needs Improvement,2.1,5,4,4,19,31.6,7.67,2335
1,1,0,5,3,0,71776,0,20,Production Technician II,MA,F,Married,US Citizen,No,Black or African American,Production,LinkedIn,Fully Meets,4.4,5,0,0,17,40.3,4.49,-52
0,0,0,5,3,0,65902,0,20,Production Technician II,MA,F,Single,US Citizen,No,Black or African American,Production,LinkedIn,Fully Meets,4.0,4,0,0,7,31.3,4.87,-6
1,1,0,5,3,0,57748,1,19,Production Technician I,MA,F,Married,US Citizen,No,White,Production,Google Search,Fully Meets,3.13,3,0,0,16,-36.3,7.15,1062
1,1,1,5,1,0,64057,0,19,Production Technician I,MA,M,Married,US Citizen,No,White,Production,Indeed,PIP,1.56,5,0,6,15,29.2,3.64,-2
0,0,1,3,1,0,53366,0,15,Network Engineer,MA,M,Single,US Citizen,No,White,IT/IS,LinkedIn,PIP,1.2,3,6,3,2,31.5,3.76,-34
1,1,0,5,3,0,58530,0,19,Production Technician I,MA,F,Married,US Citizen,No,White,Production,Google Search,Fully Meets,5.0,5,0,0,19,37.8,6.98,-28
0,0,1,5,3,0,72609,1,20,Production Technician II,MA,M,Single,US Citizen,Yes,White,Production,Google Search,Fully Meets,4.76,5,0,0,20,37.3,7.63,2097
1,1,0,5,3,0,55965,1,20,Production Technician II,MA,F,Married,US Citizen,No,White,Production,Google Search,Fully Meets,3.66,3,0,0,6,35.1,7.75,2551
1,1,1,6,3,0,70187,1,3,Area Sales Manager,MA,M,Married,US Citizen,No,White,Sales,Employee Referral,PIP,2.0,5,0,4,7,-56.5,4.26,-27
0,0,1,3,4,0,178000,0,12,IT Director,MA,M,Single,US Citizen,No,Black or African American,IT/IS,Indeed,Exceeds,5.0,5,5,0,15,38.5,7.72,-6
1,1,0,1,3,0,99351,0,26,Sr. Accountant,MA,F,Married,US Citizen,no,White,Admin Offices,Other,Fully Meets,5.0,3,2,0,3,39.7,9.99,-38
0,0,1,6,3,0,67251,0,3,Area Sales Manager,CT,M,Single,US Citizen,No,Black or African American,Sales,CareerBuilder,Fully Meets,4.3,3,0,2,7,-44.7,7.32,-26
0,0,0,3,3,0,65707,0,14,IT Support,CT,F,Single,US Citizen,No,White,IT/IS,LinkedIn,Fully Meets,4.7,4,5,0,1,-49.5,8.67,-31
0,0,1,5,3,0,52249,0,19,Production Technician I,MA,M,Single,US Citizen,Yes,White,Production,Employee Referral,Fully Meets,4.5,3,0,0,5,33.3,3.76,-48
0,0,0,5,3,0,53171,0,19,Production Technician I,MA,F,Single,US Citizen,Yes,Black or African American,Production,LinkedIn,Fully Meets,4.2,4,0,0,12,35.1,7.63,-56
1,1,0,5,3,0,51337,0,19,Production Technician I,MA,F,Married,US Citizen,No,Black or African American,Production,LinkedIn,Fully Meets,3.73,3,0,0,19,28.3,3.76,-15
0,2,0,5,3,1,51505,1,19,Production Technician I,MA,F,Divorced,US Citizen,No,Black or African American,Production,Diversity Job Fair,Fully Meets,4.24,4,0,0,2,-51.4,7.15,977
0,4,0,6,3,0,59370,1,3,Area Sales Manager,OH,F,Widowed,US Citizen,No,Black or African American,Sales,CareerBuilder,Fully Meets,3.97,4,0,0,7,-52.5,4.49,1812
1,1,1,5,2,1,54933,1,19,Production Technician I,MA,M,Married,US Citizen,No,Black or African American,Production,Diversity Job Fair,Needs Improvement,3.97,4,0,3,15,-55.6,6.75,1442
0,0,0,5,4,0,57815,0,19,Production Technician I,MA,F,Single,US Citizen,Yes,Two or more races,Production,Indeed,Exceeds,3.9,4,0,0,3,38.7,4.26,-37
0,0,0,6,3,0,61555,0,3,Area Sales Manager,IN,F,Single,US Citizen,No,White,Sales,Indeed,Fully Meets,4.5,5,0,0,20,29.3,3.87,-24
0,0,0,3,3,0,114800,1,8,Database Administrator,MA,F,Single,US Citizen,No,White,IT/IS,Indeed,Fully Meets,4.6,4,4,0,10,-52.8,3.87,1442
1,1,1,3,3,0,74679,0,14,IT Support,MA,M,Married,US Citizen,Yes,White,IT/IS,LinkedIn,Fully Meets,4.3,5,7,0,20,29.1,3.76,-9
0,0,0,5,3,0,53018,0,19,Production Technician I,MA,F,Single,US Citizen,Yes,White,Production,Indeed,Fully Meets,4.3,5,0,0,7,26.5,5.14,-48
0,2,1,5,4,1,59892,0,19,Production Technician I,MA,M,Divorced,US Citizen,No,Black or African American,Production,Diversity Job Fair,Exceeds,4.5,4,0,0,1,-50.7,7.48,-48
1,1,1,5,1,1,68898,1,20,Production Technician II,MA,M,Married,US Citizen,No,Black or African American,Production,Diversity Job Fair,PIP,3.0,3,0,3,10,-45.8,8.68,2858
0,3,0,3,3,0,61242,0,14,IT Support,MA,F,Separated,US Citizen,Yes,White,IT/IS,Employee Referral,Fully Meets,4.61,4,5,0,11,37.7,3.99,-27
1,1,0,5,3,0,66825,0,20,Production Technician II,MA,F,Married,US Citizen,No,White,Production,LinkedIn,Fully Meets,4.6,3,0,0,20,32.6,4.64,-37
1,1,1,5,3,0,48285,0,19,Production Technician I,MA,M,Married,US Citizen,No,White,Production,LinkedIn,Fully Meets,5.0,3,0,0,2,39.6,6.5,-13
0,3,0,5,3,0,66149,0,20,Production Technician II,MA,F,Separated,US Citizen,No,American Indian or Alaska Native,Production,Google Search,Fully Meets,4.4,5,0,0,1,35.1,5.25,-51
1,1,0,5,3,0,49256,0,19,Production Technician I,MA,F,Married,US Citizen,No,Asian,Production,LinkedIn,Fully Meets,4.1,5,0,0,3,-55.8,5.37,-45
0,2,1,5,3,0,62957,0,18,Production Manager,MA,M,Divorced,US Citizen,No,White,Production,Employee Referral,Fully Meets,4.63,3,0,0,2,37.5,3.58,-3
0,2,0,5,3,0,63813,1,19,Production Technician I,MA,F,Divorced,US Citizen,No,White,Production,CareerBuilder,Fully Meets,5.0,5,0,0,17,35.6,7.86,2038
1,1,1,3,3,0,99020,0,4,BI Developer,MA,M,Married,US Citizen,No,Black or African American,IT/IS,Indeed,Fully Meets,4.2,5,5,0,8,29.5,1.7,-27
0,0,1,6,3,0,71707,1,3,Area Sales Manager,TN,M,Single,US Citizen,No,Two or more races,Sales,LinkedIn,Fully Meets,4.5,5,0,0,20,-50.1,6.82,2160
1,1,0,5,3,0,54828,0,19,Production Technician I,MA,F,Married,US Citizen,No,White,Production,Google Search,Fully Meets,4.2,4,0,0,13,41.8,7.09,-52
0,0,1,5,3,0,64246,0,20,Production Technician II,MA,M,Single,US Citizen,Yes,White,Production,LinkedIn,Fully Meets,5.0,3,0,0,20,30.4,5.14,-7
0,0,0,5,3,0,52177,1,19,Production Technician I,MA,F,Single,US Citizen,No,White,Production,CareerBuilder,Fully Meets,4.64,4,0,0,8,-33.6,6.98,1340
1,1,0,5,4,0,62065,0,19,Production Technician I,MA,F,Married,US Citizen,No,White,Production,CareerBuilder,Exceeds,4.76,4,0,0,5,-55.3,4.64,-45
0,0,1,5,3,0,46998,0,19,Production Technician I,MA,M,Single,US Citizen,No,White,Production,Google Search,Fully Meets,4.17,4,0,0,1,35.0,6.38,-41
0,0,0,5,3,0,68099,1,20,Production Technician II,MA,F,Single,US Citizen,No,White,Production,CareerBuilder,Fully Meets,5.0,3,0,0,15,-53.7,7.98,2162
1,1,1,6,3,0,70545,0,3,Area Sales Manager,NH,M,Married,US Citizen,No,American Indian or Alaska Native,Sales,Indeed,Fully Meets,3.6,5,0,0,9,30.3,4.37,-29
1,1,0,5,3,0,63478,1,20,Production Technician II,MA,F,Married,Non-Citizen,No,White,Production,Indeed,Fully Meets,3.03,5,0,0,16,34.9,7.38,2493
0,0,0,3,3,0,97999,0,8,Database Administrator,MA,F,Single,US Citizen,No,White,IT/IS,Indeed,Fully Meets,4.48,5,6,0,4,34.9,3.76,-2
1,1,0,6,3,0,180000,0,11,Director of Sales,RI,F,Married,US Citizen,No,White,Sales,LinkedIn,Fully Meets,4.5,4,0,0,19,-47.2,4.66,-20
1,1,0,1,3,0,49920,1,2,Administrative Assistant,MA,F,Married,US Citizen,No,Black or African American,Admin Offices,Indeed,Fully Meets,3.24,3,4,0,6,33.3,3.87,1357
0,0,0,5,3,0,55425,0,19,Production Technician I,MA,F,Single,US Citizen,No,White,Production,LinkedIn,Fully Meets,4.8,4,0,0,4,32.6,6.86,-6
0,0,0,5,3,0,69340,0,20,Production Technician II,MA,F,Single,US Citizen,No,White,Production,LinkedIn,Fully Meets,3.0,5,0,0,4,34.8,2.57,-17
0,3,0,5,3,0,64995,0,20,Production Technician II,MA,F,Separated,US Citizen,No,White,Production,Indeed,Fully Meets,4.5,3,0,0,6,26.7,3.58,-44
0,2,0,5,3,0,68182,1,20,Production Technician II,MA,F,Divorced,US Citizen,No,White,Production,Google Search,Fully Meets,3.72,3,0,0,18,42.3,7.86,2160
1,1,1,5,2,0,83082,1,18,Production Manager,MA,M,Married,US Citizen,No,Asian,Production,Indeed,Needs Improvement,2.34,2,0,3,4,42.1,7.86,2455
0,0,0,5,3,0,51908,0,19,Production Technician I,MA,F,Single,US Citizen,No,White,Production,Indeed,Fully Meets,3.99,3,0,0,14,27.9,5.37,-13
0,0,0,5,3,0,61242,0,19,Production Technician I,MA,F,Single,US Citizen,No,Black or African American,Production,LinkedIn,Fully Meets,4.1,3,0,0,7,-53.7,6.15,-16
0,2,0,5,3,0,45069,0,19,Production Technician I,MA,F,Divorced,US Citizen,No,White,Production,Employee Referral,Fully Meets,4.3,5,0,0,7,-47.2,5.25,-52
0,2,0,5,4,0,60724,0,20,Production Technician II,MA,F,Divorced,US Citizen,No,American Indian or Alaska Native,Production,LinkedIn,Exceeds,4.6,4,0,0,11,32.2,7.49,-55
0,3,0,5,3,0,60436,0,19,Production Technician I,MA,F,Separated,US Citizen,No,White,Production,LinkedIn,Fully Meets,5.0,5,0,0,9,-45.3,4.99,-20
1,1,1,5,4,0,46837,1,19,Production Technician I,MA,M,Married,US Citizen,No,White,Production,CareerBuilder,Exceeds,4.7,4,0,0,9,-40.6,7.15,321
1,1,0,3,3,0,105700,0,8,Database Administrator,MA,F,Married,US Citizen,No,Asian,IT/IS,Indeed,Fully Meets,3.75,3,5,0,2,32.2,3.99,-41
0,0,0,5,4,0,63322,0,20,Production Technician II,MA,F,Single,US Citizen,No,White,Production,LinkedIn,Exceeds,4.3,3,0,0,1,-50.7,4.49,-10
1,1,0,5,3,0,61154,1,19,Production Technician I,MA,F,Married,US Citizen,No,Black or African American,Production,CareerBuilder,Fully Meets,4.0,4,0,0,4,32.7,7.98,1063
0,0,0,6,3,0,68999,1,21,Sales Manager,PA,F,Single,US Citizen,No,White,Sales,Google Search,Fully Meets,4.5,5,0,0,2,29.1,7.15,2103
0,0,1,5,3,0,50482,0,19,Production Technician I,MA,M,Single,US Citizen,No,White,Production,Indeed,Fully Meets,3.07,4,0,0,10,43.0,5.25,-22
0,0,1,6,3,0,65310,0,3,Area Sales Manager,CO,M,Single,US Citizen,No,White,Sales,Indeed,Fully Meets,4.3,5,0,0,13,39.1,5.37,-21
1,1,0,2,3,0,250000,0,16,President & CEO,MA,F,Married,US Citizen,Yes,White,Executive Office,Indeed,Fully Meets,4.83,3,0,0,10,-35.7,6.5,-16
1,1,0,5,3,0,54005,1,19,Production Technician I,MA,F,Married,US Citizen,No,White,Production,Google Search,Fully Meets,3.6,5,0,0,16,-54.9,7.27,1402
1,1,0,5,3,0,45433,1,19,Production Technician I,MA,F,Married,US Citizen,No,White,Production,Google Search,Fully Meets,3.49,4,0,0,6,-51.8,7.27,2162
0,0,1,5,3,0,46654,0,19,Production Technician I,MA,M,Single,US Citizen,No,Black or African American,Production,LinkedIn,Fully Meets,3.1,3,0,0,3,41.1,4.87,-36
1,1,1,5,3,0,63973,0,19,Production Technician I,MA,M,Married,US Citizen,No,Asian,Production,Indeed,Fully Meets,3.38,3,0,0,17,38.9,7.98,-20
0,0,1,6,3,1,71339,0,3,Area Sales Manager,NY,M,Single,US Citizen,Yes,Black or African American,Sales,Diversity Job Fair,Fully Meets,3.65,5,0,0,20,-50.1,7.82,-16
1,1,1,3,3,0,93206,0,28,Sr. Network Engineer,MA,M,Married,US Citizen,No,White,IT/IS,Employee Referral,Fully Meets,4.46,5,6,0,7,32.7,4.14,-6
1,1,1,5,3,0,82758,1,18,Production Manager,MA,M,Married,US Citizen,No,White,Production,Employee Referral,Fully Meets,4.78,4,0,0,9,-53.5,7.98,1416
0,2,0,5,3,0,66074,1,20,Production Technician II,MA,F,Divorced,US Citizen,No,Asian,Production,Indeed,Fully Meets,4.52,3,0,0,20,39.4,5.98,1776
1,1,1,5,3,0,46120,0,19,Production Technician I,MA,M,Married,US Citizen,No,White,Production,LinkedIn,Fully Meets,5.0,5,0,0,13,32.1,6.48,-34
0,2,1,1,3,0,64520,0,1,Accountant I,MA,M,Divorced,US Citizen,No,Black or African American,Admin Offices,Website,Fully Meets,5.0,4,4,0,3,34.7,4.99,-16
1,1,1,5,3,0,61962,1,20,Production Technician II,MA,M,Married,US Citizen,No,White,Production,Google Search,Fully Meets,4.9,3,0,0,20,34.6,6.75,2141
0,0,0,3,3,0,81584,0,22,Senior BI Developer,MA,F,Single,US Citizen,No,Asian,IT/IS,Indeed,Fully Meets,4.1,5,7,0,2,31.6,2.25,-7
0,0,0,5,3,0,63676,1,19,Production Technician I,MA,F,Single,US Citizen,No,Asian,Production,CareerBuilder,Fully Meets,4.88,3,0,0,17,40.0,7.27,548
1,1,1,1,3,0,93046,0,23,Shared Services Manager,MA,M,Married,US Citizen,No,White,Admin Offices,CareerBuilder,Fully Meets,4.1,4,0,0,20,34.6,2.99,-27
1,1,1,5,3,0,64738,0,19,Production Technician I,MA,M,Married,US Citizen,No,Asian,Production,Google Search,Fully Meets,4.1,3,0,0,10,36.3,6.63,-52
0,3,1,6,3,0,70468,0,3,Area Sales Manager,UT,M,Separated,US Citizen,No,Black or African American,Sales,Website,Fully Meets,4.53,3,0,0,16,30.0,6.67,-28
1,1,0,5,4,0,77915,0,18,Production Manager,MA,F,Married,US Citizen,No,White,Production,Website,Exceeds,4.1,3,0,0,11,37.2,5.25,-20
1,1,0,5,3,0,52624,1,19,Production Technician I,MA,F,Married,US Citizen,No,White,Production,Indeed,Fully Meets,3.18,4,0,0,16,37.8,7.49,305
1,1,1,5,3,0,63450,0,20,Production Technician II,MA,M,Married,US Citizen,No,White,Production,LinkedIn,Fully Meets,4.0,3,0,0,7,39.8,5.48,-48
0,0,0,3,4,1,51777,0,14,IT Support,CT,F,Single,US Citizen,Yes,Black or African American,IT/IS,Diversity Job Fair,Exceeds,4.64,4,5,0,14,30.2,7.95,-24
0,4,0,5,3,0,67237,1,20,Production Technician II,MA,F,Widowed,US Citizen,No,White,Production,LinkedIn,Fully Meets,4.65,4,0,0,15,42.0,5.48,935
0,0,0,5,4,0,73330,0,20,Production Technician II,MA,F,Single,US Citizen,No,Black or African American,Production,Indeed,Exceeds,4.2,4,0,0,19,36.8,5.37,-42
1,1,0,5,3,0,52057,0,19,Production Technician I,MA,F,Married,US Citizen,No,Black or African American,Production,Website,Fully Meets,5.0,3,0,0,6,-56.8,3.87,-22
0,0,0,5,4,1,47434,1,19,Production Technician I,MA,F,Single,US Citizen,Yes,Black or African American,Production,Diversity Job Fair,Exceeds,5.0,4,0,0,17,-54.1,7.15,1429
0,4,1,5,3,0,52788,1,19,Production Technician I,MA,M,Widowed,US Citizen,No,White,Production,Indeed,Fully Meets,3.08,4,0,0,18,-53.9,6.27,640
0,0,0,5,3,0,45395,0,19,Production Technician I,MA,F,Single,US Citizen,No,White,Production,LinkedIn,Fully Meets,4.6,4,0,0,14,32.5,4.99,-56
1,1,0,5,3,0,62385,0,20,Production Technician II,MA,F,Married,US Citizen,No,White,Production,LinkedIn,Fully Meets,5.0,3,0,0,4,42.4,2.64,-20
1,1,0,5,3,0,68407,1,20,Production Technician II,MA,F,Married,US Citizen,No,Two or more races,Production,LinkedIn,Fully Meets,5.0,4,0,0,16,32.1,7.49,2374
1,1,0,5,3,0,61349,0,19,Production Technician I,MA,F,Married,US Citizen,No,White,Production,LinkedIn,Fully Meets,4.1,3,0,0,11,-55.8,5.14,-21
0,0,0,4,3,0,105688,0,24,Software Engineer,MA,F,Single,US Citizen,No,Asian,Software Engineering,Google Search,Fully Meets,4.5,5,4,0,14,31.2,5.14,-13
1,1,0,5,3,0,54132,0,19,Production Technician I,MA,F,Married,US Citizen,No,White,Production,Indeed,Fully Meets,5.0,4,0,0,8,41.1,7.59,-9
0,0,0,5,3,0,55315,0,20,Production Technician II,MA,F,Single,US Citizen,No,Black or African American,Production,LinkedIn,Fully Meets,5.0,5,0,0,16,31.6,3.76,-37
1,1,0,5,3,0,62810,0,19,Production Technician I,MA,F,Married,US Citizen,No,Black or African American,Production,CareerBuilder,Fully Meets,3.93,3,0,0,20,32.0,5.98,-29
1,1,1,6,3,0,63291,0,3,Area Sales Manager,TX,M,Married,US Citizen,No,Two or more races,Sales,Website,Fully Meets,3.4,4,0,0,7,34.5,2.49,-28
0,0,0,5,3,1,62659,1,19,Production Technician I,MA,F,Single,US Citizen,No,Black or African American,Production,Diversity Job Fair,Fully Meets,4.18,4,0,0,17,-49.4,6.75,1061
0,0,0,5,3,0,55688,0,19,Production Technician I,MA,F,Single,US Citizen,No,White,Production,CareerBuilder,Fully Meets,5.0,4,0,0,10,42.3,3.76,-20
0,0,1,5,3,0,83667,0,18,Production Manager,MA,M,Single,US Citizen,yes,Hispanic,Production,Indeed,Fully Meets,4.37,3,0,0,2,37.4,6.38,-13
0,0,1,5,1,0,55800,1,20,Production Technician II,MA,M,Single,US Citizen,No,White,Production,LinkedIn,PIP,3.0,2,0,6,6,33.5,7.38,2178
1,1,1,5,3,0,58207,0,20,Production Technician II,MA,M,Married,US Citizen,No,White,Production,LinkedIn,Fully Meets,3.7,3,0,0,14,26.4,7.15,-7
1,1,1,3,2,1,157000,0,13,IT Manager - Infra,MA,M,Married,Eligible NonCitizen,Yes,Black or African American,IT/IS,Diversity Job Fair,Needs Improvement,2.39,3,6,4,13,32.2,6.88,-52
0,0,0,5,4,0,72460,0,20,Production Technician II,MA,F,Single,US Citizen,No,Black or African American,Production,Indeed,Exceeds,4.7,3,0,0,1,-51.3,5.64,-13
0,0,1,5,3,1,72106,0,20,Production Technician II,MA,M,Single,US Citizen,No,Black or African American,Production,Diversity Job Fair,Fully Meets,4.1,4,0,0,12,42.1,6.98,-30
1,1,0,3,3,0,52599,0,15,Network Engineer,MA,F,Married,US Citizen,No,White,IT/IS,CareerBuilder,Fully Meets,3.81,3,6,0,6,39.7,3.87,-41
0,2,0,5,3,0,63430,0,19,Production Technician I,MA,F,Divorced,US Citizen,No,White,Production,LinkedIn,Fully Meets,4.4,4,0,0,18,34.5,5.75,-16
0,3,1,5,3,0,74417,0,20,Production Technician II,MA,M,Separated,US Citizen,No,Black or African American,Production,LinkedIn,Fully Meets,4.29,5,0,0,11,-55.9,5.64,-27
0,0,1,5,3,0,57575,0,19,Production Technician I,MA,M,Single,US Citizen,No,Asian,Production,LinkedIn,Fully Meets,4.1,4,0,0,13,38.7,5.48,-21
0,0,1,3,3,0,87921,0,22,Senior BI Developer,MA,M,Single,US Citizen,No,Asian,IT/IS,Indeed,Fully Meets,5.0,3,6,0,17,-51.3,1.89,-55
0,0,1,5,3,1,50470,1,19,Production Technician I,MA,M,Single,US Citizen,No,Black or African American,Production,Diversity Job Fair,Fully Meets,4.3,3,0,0,19,29.7,7.27,2131
1,1,1,5,3,0,46664,1,19,Production Technician I,MA,M,Married,US Citizen,No,White,Production,Employee Referral,Fully Meets,3.18,3,0,0,10,35.8,5.75,1031
1,1,1,5,3,0,48495,0,19,Production Technician I,MA,M,Married,US Citizen,No,White,Production,LinkedIn,Fully Meets,5.0,5,0,0,11,41.7,4.64,-48
0,3,0,5,4,1,52984,0,19,Production Technician I,MA,F,Separated,US Citizen,No,Black or African American,Production,Diversity Job Fair,Exceeds,4.0,3,0,0,12,-48.4,5.75,-43
0,0,0,6,3,0,63695,0,3,Area Sales Manager,GA,F,Single,US Citizen,No,Two or more races,Sales,Indeed,Fully Meets,5.0,5,0,0,2,29.8,5.48,-24
0,0,0,5,3,0,62061,0,19,Production Technician I,MA,F,Single,US Citizen,No,White,Production,LinkedIn,Fully Meets,3.6,5,0,0,4,34.5,5.48,-1
0,0,0,5,3,0,66738,0,20,Production Technician II,MA,F,Single,US Citizen,No,White,Production,Indeed,Fully Meets,4.53,5,0,0,5,33.1,4.14,-15
0,0,0,5,1,0,52674,1,19,Production Technician I,MA,F,Single,US Citizen,No,Two or more races,Production,LinkedIn,PIP,2.33,2,0,6,3,38.3,4.76,298
1,1,0,5,3,0,71966,1,20,Production Technician II,MA,F,Married,US Citizen,No,Asian,Production,LinkedIn,Fully Meets,5.0,3,0,0,17,-33.1,6.63,2009
0,0,0,6,3,0,63051,0,3,Area Sales Manager,FL,F,Single,US Citizen,Yes,White,Sales,Indeed,Fully Meets,4.28,3,0,0,1,28.6,5.25,-24
1,1,1,5,4,0,47414,0,19,Production Technician I,MA,M,Married,US Citizen,No,White,Production,LinkedIn,Exceeds,5.0,3,0,0,13,42.1,5.25,-37
0,0,1,5,2,0,53060,0,19,Production Technician I,MA,M,Single,US Citizen,No,Black or African American,Production,LinkedIn,Needs Improvement,4.25,3,0,4,6,39.1,4.87,-34
0,0,1,6,3,0,68829,0,3,Area Sales Manager,NC,M,Single,US Citizen,No,White,Sales,Website,Fully Meets,5.0,5,0,0,18,36.6,3.99,-13
1,1,0,5,3,0,63515,1,19,Production Technician I,MA,F,Married,US Citizen,No,White,Production,Google Search,Fully Meets,3.89,4,0,0,7,39.7,7.9,2129
0,0,1,4,4,1,108987,1,24,Software Engineer,MA,M,Single,US Citizen,No,Black or African American,Software Engineering,Diversity Job Fair,Exceeds,5.0,5,3,0,13,39.9,7.15,1234
1,1,1,3,3,0,93093,1,9,Data Analyst,MA,M,Married,US Citizen,No,White,IT/IS,Employee Referral,Fully Meets,4.7,4,5,0,19,34.3,4.08,1081
0,0,1,5,2,0,53564,1,19,Production Technician I,MA,M,Single,US Citizen,No,Black or African American,Production,Google Search,Needs Improvement,3.54,5,0,4,15,30.8,7.98,635
1,1,0,5,2,0,60270,1,20,Production Technician II,MA,F,Married,US Citizen,No,Asian,Production,CareerBuilder,Needs Improvement,2.4,5,0,5,2,29.5,7.49,1425
0,0,0,5,3,0,45998,1,19,Production Technician I,MA,F,Single,US Citizen,No,White,Production,LinkedIn,Fully Meets,3.45,4,0,0,5,32.5,7.63,1694
1,1,0,5,4,0,57954,1,20,Production Technician II,MA,F,Married,US Citizen,No,White,Production,Indeed,Exceeds,4.2,5,0,0,12,32.4,7.63,2182
1,1,0,5,3,0,74669,1,18,Production Manager,MA,F,Married,US Citizen,No,White,Production,Indeed,Fully Meets,4.16,5,0,0,6,41.6,8.19,1398
1,1,0,5,3,0,74226,0,20,Production Technician II,MA,F,Married,Eligible NonCitizen,No,Asian,Production,LinkedIn,Fully Meets,4.3,3,0,0,14,39.8,6.75,-13
1,1,0,3,4,0,93554,0,9,Data Analyst,MA,F,Married,US Citizen,No,Black or African American,IT/IS,Employee Referral,Exceeds,4.6,5,7,0,16,34.3,4.14,-3
1,1,1,5,3,0,64724,1,19,Production Technician I,MA,M,Married,US Citizen,No,Asian,Production,Google Search,Fully Meets,5.0,3,0,0,13,30.8,7.49,2507
0,0,1,5,3,0,47001,0,19,Production Technician I,MA,M,Single,US Citizen,No,White,Production,Google Search,Fully Meets,3.66,3,0,0,15,37.1,11.16,-55
1,1,0,6,3,0,61844,0,3,Area Sales Manager,KY,F,Married,US Citizen,No,Black or African American,Sales,Website,Fully Meets,4.2,5,0,0,9,30.3,6.98,-31
0,2,0,5,3,0,46799,1,19,Production Technician I,MA,F,Divorced,Eligible NonCitizen,No,Asian,Production,Google Search,Fully Meets,3.17,4,0,0,14,34.2,7.63,274
0,0,1,5,3,0,59472,0,19,Production Technician I,MA,M,Single,US Citizen,No,White,Production,Employee Referral,Fully Meets,4.8,3,0,0,14,-42.5,4.99,-6
0,2,0,5,3,0,46430,1,19,Production Technician I,MA,F,Divorced,US Citizen,No,White,Production,Indeed,Fully Meets,4.5,5,0,0,16,-51.7,6.27,2100
1,1,1,1,3,1,83363,1,23,Software Engineer,MA,M,Married,Eligible NonCitizen,No,Black or African American,Software Engineering,Diversity Job Fair,Fully Meets,4.15,4,0,0,4,34.2,7.86,1718
1,1,0,3,3,0,95920,0,4,BI Developer,MA,F,Married,US Citizen,No,Black or African American,IT/IS,Indeed,Fully Meets,4.4,4,6,0,10,38.6,2.25,-36
0,2,1,5,3,0,61729,1,19,Production Technician I,MA,M,Divorced,US Citizen,No,White,Production,Indeed,Fully Meets,3.8,5,0,0,19,34.0,7.27,331
1,1,1,6,3,0,61809,0,3,Area Sales Manager,ID,M,Married,US Citizen,No,White,Sales,CareerBuilder,Fully Meets,3.98,3,0,0,4,-35.8,4.64,-27
0,2,1,5,3,0,45115,1,19,Production Technician I,MA,M,Divorced,US Citizen,Yes,White,Production,LinkedIn,Fully Meets,5.0,4,0,0,11,36.4,7.63,1373
1,1,0,5,4,0,46738,0,19,Production Technician I,MA,F,Married,US Citizen,No,Asian,Production,Google Search,Exceeds,4.36,5,0,0,16,-54.0,7.09,-41
0,2,0,5,3,0,64971,1,20,Production Technician II,MA,F,Divorced,Eligible NonCitizen,No,Black or African American,Production,Google Search,Fully Meets,4.5,4,0,0,10,37.3,7.27,2628
1,1,1,5,3,0,55578,1,20,Production Technician II,MA,M,Married,US Citizen,No,White,Production,Indeed,Fully Meets,4.2,5,0,0,13,-53.5,7.49,2552
1,1,1,5,3,0,50428,1,19,Production Technician I,MA,M,Married,US Citizen,No,Black or African American,Production,Indeed,Fully Meets,5.0,3,0,0,11,-55.0,7.98,1452
1,1,0,5,2,0,61422,1,19,Production Technician I,MA,F,Married,US Citizen,No,White,Production,Indeed,Needs Improvement,3.6,3,0,4,16,34.0,7.98,1001
0,4,1,5,4,0,63353,0,19,Production Technician I,MA,M,Widowed,US Citizen,No,White,Production,Employee Referral,Exceeds,3.6,5,0,0,4,33.9,5.48,-41
1,1,0,3,3,0,89883,0,9,Data Analyst,MA,F,Married,US Citizen,No,White,IT/IS,Employee Referral,Fully Meets,3.69,5,6,0,15,37.2,3.87,-44
0,0,0,3,3,0,120000,1,29,Principal Data Architect,MA,F,Single,US Citizen,Yes,White,IT/IS,LinkedIn,Fully Meets,3.88,3,7,0,12,-54.4,3.99,322
0,0,0,3,3,0,150290,0,7,Data Architect,MA,F,Single,US Citizen,No,Black or African American,IT/IS,Indeed,Fully Meets,4.94,3,5,0,17,-53.9,1.98,-36
0,3,0,5,3,0,60627,0,19,Production Technician I,MA,F,Separated,US Citizen,No,White,Production,Website,Fully Meets,5.0,4,0,0,8,-55.9,4.99,-30
0,0,1,5,3,0,53180,1,19,Production Technician I,MA,M,Single,US Citizen,No,White,Production,Google Search,Fully Meets,5.0,5,0,0,4,31.8,7.75,183
0,0,1,3,3,0,140920,0,13,IT Manager - DB,MA,M,Single,US Citizen,No,White,IT/IS,Indeed,Fully Meets,3.6,5,7,0,13,-54.3,5.95,-48
0,2,1,3,3,1,148999,1,13,IT Manager - DB,MA,M,Divorced,US Citizen,No,Black or African American,IT/IS,Diversity Job Fair,Fully Meets,4.3,4,6,0,8,-45.0,6.98,1458
1,1,0,4,3,0,86214,0,24,Software Engineer,MA,F,Married,US Citizen,No,White,Software Engineering,Indeed,Fully Meets,4.2,3,6,0,2,32.4,6.15,-43
0,0,0,5,2,1,47750,0,19,Production Technician I,MA,F,Single,US Citizen,No,Black or African American,Production,Diversity Job Fair,Needs Improvement,2.6,4,0,5,4,-49.4,2.49,-48
0,0,1,5,3,0,46428,1,19,Production Technician I,MA,M,Single,US Citizen,No,White,Production,Google Search,Fully Meets,4.6,5,0,0,7,-56.0,9.99,330
1,1,1,5,3,0,57975,0,20,Production Technician II,MA,M,Married,US Citizen,No,White,Production,CareerBuilder,Fully Meets,4.1,3,0,0,13,32.7,8.34,-9
0,2,1,3,3,0,88527,1,9,Data Analyst,MA,M,Divorced,US Citizen,No,Black or African American,IT/IS,LinkedIn,Fully Meets,4.2,3,5,0,2,31.0,3.99,1352
1,1,0,5,3,0,56147,0,19,Production Technician I,MA,F,Married,US Citizen,No,Black or African American,Production,LinkedIn,Fully Meets,3.51,3,0,0,2,30.5,4.26,-48
0,0,0,5,3,0,50923,0,19,Production Technician I,MA,F,Single,US Citizen,No,Asian,Production,Google Search,Fully Meets,5.0,5,0,0,14,-56.2,5.25,-36
1,1,0,3,3,0,50750,0,15,Network Engineer,MA,F,Married,US Citizen,No,White,IT/IS,LinkedIn,Fully Meets,3.31,3,6,0,7,37.7,4.25,-6
1,1,0,5,3,0,52087,0,19,Production Technician I,MA,F,Married,US Citizen,No,White,Production,LinkedIn,Fully Meets,4.81,4,0,0,15,33.4,5.37,-45
1,1,1,3,3,0,87826,0,9,Data Analyst,MA,M,Married,US Citizen,Yes,White,IT/IS,Employee Referral,Fully Meets,3.32,3,7,0,16,-51.1,3.99,-13
0,0,0,1,3,0,51920,0,2,Administrative Assistant,MA,F,Single,US Citizen,No,White,Admin Offices,Website,Fully Meets,5.0,3,5,0,2,30.6,3.67,-14
0,0,0,5,3,0,63878,1,20,Production Technician II,MA,F,Single,US Citizen,No,White,Production,CareerBuilder,Fully Meets,4.68,4,0,0,20,31.1,9.18,1370
0,0,1,5,4,0,60656,0,20,Production Technician II,MA,M,Single,US Citizen,No,White,Production,Indeed,Exceeds,4.3,3,0,0,4,-44.8,4.26,-27
0,2,1,6,2,1,72992,0,21,Sales Manager,MA,M,Divorced,US Citizen,No,Black or African American,Sales,Diversity Job Fair,Needs Improvement,2.4,4,0,2,16,34.4,4.62,-15
1,1,0,1,3,1,55000,1,2,Administrative Assistant,MA,F,Married,US Citizen,No,Black or African American,Admin Offices,Diversity Job Fair,Fully Meets,3.8,4,4,0,17,31.6,7.27,1965
0,0,0,5,3,0,58939,0,19,Production Technician I,MA,F,Single,US Citizen,No,White,Production,Employee Referral,Fully Meets,3.73,3,0,0,16,-46.1,5.14,-23
1,1,0,3,3,0,66593,0,14,IT Support,MA,F,Married,US Citizen,No,Black or African American,IT/IS,LinkedIn,Fully Meets,4.3,3,5,0,19,-54.2,7.56,-38
1,1,1,3,3,0,87565,0,28,Sr. Network Engineer,MA,M,Married,US Citizen,No,Asian,IT/IS,LinkedIn,Fully Meets,3.27,4,5,0,13,35.9,2.51,-13
1,1,0,5,1,0,64021,0,19,Production Technician I,MA,F,Married,US Citizen,No,White,Production,Indeed,PIP,2.4,2,1,6,20,-49.5,6.86,-55
1,1,0,5,3,0,65714,0,18,Production Manager,MA,F,Married,US Citizen,No,White,Production,LinkedIn,Fully Meets,4.83,5,0,0,15,-56.7,6.25,-44
0,2,0,5,4,0,62425,1,19,Production Technician I,MA,F,Divorced,US Citizen,No,White,Production,LinkedIn,Exceeds,4.1,4,0,0,16,-54.2,5.64,1401
0,2,0,5,3,0,47961,0,19,Production Technician I,MA,F,Divorced,US Citizen,No,Two or more races,Production,Google Search,Fully Meets,4.1,4,0,0,9,36.4,7.98,-37
1,1,1,6,1,0,58273,0,3,Area Sales Manager,NV,M,Married,US Citizen,No,White,Sales,Website,PIP,1.81,2,0,3,5,-55.4,4.64,-16
0,0,1,1,3,0,63003,0,1,Accountant I,MA,M,Single,US Citizen,No,White,Admin Offices,Indeed,Fully Meets,3.9,5,5,0,9,32.3,4.26,-17
1,1,1,5,3,0,61355,0,19,Production Technician I,MA,M,Married,US Citizen,No,Asian,Production,LinkedIn,Fully Meets,4.7,3,0,0,4,33.8,4.87,-10
1,1,0,6,3,0,60120,0,3,Area Sales Manager,MT,F,Married,US Citizen,No,Black or African American,Sales,Indeed,Fully Meets,4.1,4,0,0,18,29.6,8.26,-30
1,1,0,5,3,0,63682,0,18,Production Manager,MA,F,Married,US Citizen,No,Black or African American,Production,Indeed,Fully Meets,3.73,4,0,0,12,40.8,9.98,-23
1,1,1,5,3,0,63025,0,19,Production Technician I,MA,M,Married,US Citizen,Yes,White,Production,Google Search,Fully Meets,4.36,5,0,0,10,36.2,3.99,-23
0,0,0,5,3,0,59238,0,19,Production Technician I,MA,F,Single,Eligible NonCitizen,No,Asian,Production,Indeed,Fully Meets,3.4,5,0,0,13,-49.6,6.63,-30
0,0,1,4,4,0,92989,0,24,Software Engineer,MA,M,Single,US Citizen,No,White,Software Engineering,LinkedIn,Exceeds,4.5,5,5,0,1,35.7,4.49,-48
1,1,1,3,3,0,90100,0,4,BI Developer,MA,M,Married,US Citizen,No,White,IT/IS,Indeed,Fully Meets,3.4,3,6,0,14,31.2,1.7,-1
1,1,0,5,3,1,60754,1,19,Production Technician I,MA,F,Married,Non-Citizen,No,Black or African American,Production,Diversity Job Fair,Fully Meets,4.5,5,0,0,11,-56.3,9.68,2512
1,1,0,5,3,0,72202,1,20,Production Technician II,MA,F,Married,US Citizen,No,White,Production,Google Search,Fully Meets,3.93,3,0,0,3,-34.4,7.63,623
0,0,0,6,3,0,58370,0,3,Area Sales Manager,OR,F,Single,US Citizen,No,Black or African American,Sales,Indeed,Fully Meets,3.69,3,0,0,18,-46.3,4.26,-27
0,0,0,5,3,0,48413,1,19,Production Technician I,MA,F,Single,US Citizen,No,White,Production,Indeed,Fully Meets,3.98,4,0,0,1,-46.4,7.49,1035
0,4,1,5,3,0,67176,1,20,Production Technician II,MA,M,Widowed,US Citizen,No,White,Production,Other,Fully Meets,4.1,4,0,0,15,-56.7,11.52,3093
0,2,0,5,3,0,56339,0,19,Production Technician I,MA,F,Divorced,US Citizen,No,Black or African American,Production,Indeed,Fully Meets,4.21,5,0,0,4,-48.4,5.87,-13
0,3,1,6,4,0,64397,0,3,Area Sales Manager,ND,M,Separated,US Citizen,No,White,Sales,Indeed,Exceeds,4.1,3,0,0,6,-49.0,12.98,-3
0,0,0,5,2,0,63025,0,19,Production Technician I,MA,F,Single,US Citizen,No,White,Production,LinkedIn,Needs Improvement,2.44,5,0,4,18,35.6,4.87,-41
1,1,1,3,3,0,75281,1,15,Network Engineer,MA,M,Married,US Citizen,No,White,IT/IS,CareerBuilder,Fully Meets,5.0,3,5,0,11,30.7,3.99,1357
0,0,1,4,3,1,100416,1,24,Software Engineer,MA,M,Single,Non-Citizen,No,Black or African American,Software Engineering,Diversity Job Fair,Fully Meets,4.6,3,4,0,9,35.6,5.87,688
0,0,0,5,3,0,74813,1,20,Production Technician II,MA,F,Single,US Citizen,No,White,Production,LinkedIn,Fully Meets,4.4,3,0,0,5,33.8,7.98,1822
1,1,1,3,3,0,76029,0,15,Network Engineer,MA,M,Married,Eligible NonCitizen,No,White,IT/IS,Employee Referral,Fully Meets,5.0,4,7,0,8,-50.2,3.76,-13
1,1,0,6,3,0,57859,0,3,Area Sales Manager,AZ,F,Married,US Citizen,No,Two or more races,Sales,Indeed,Fully Meets,2.81,3,0,0,16,27.6,7.49,-16
0,2,1,5,4,0,58523,1,19,Production Technician I,MA,M,Divorced,US Citizen,No,White,Production,LinkedIn,Exceeds,4.5,5,0,0,15,31.9,6.38,1065
0,2,1,5,3,0,88976,0,17,Production Manager,MA,M,Divorced,US Citizen,No,White,Production,Employee Referral,Fully Meets,3.93,3,0,0,19,-49.8,7.42,-57
0,0,1,6,3,0,55875,0,3,Area Sales Manager,ME,M,Single,US Citizen,No,Asian,Sales,Website,Fully Meets,4.5,4,0,0,11,29.5,6.83,-17
1,1,1,3,3,0,113999,1,8,Database Administrator,MA,M,Married,US Citizen,No,Black or African American,IT/IS,Employee Referral,Fully Meets,4.33,3,7,0,9,32.4,3.87,685
1,1,0,5,4,0,49773,1,19,Production Technician I,MA,F,Married,US Citizen,No,White,Production,Google Search,Exceeds,4.3,5,0,0,18,32.6,7.27,1430
0,0,0,5,3,0,62068,0,19,Production Technician I,MA,F,Single,US Citizen,No,White,Production,LinkedIn,Fully Meets,3.21,3,0,0,7,33.7,3.49,-28
0,0,1,5,3,0,66541,0,20,Production Technician II,MA,M,Single,US Citizen,No,Black or African American,Production,Employee Referral,Fully Meets,3.11,5,0,0,4,42.9,4.37,-42
1,1,0,5,3,1,80512,1,18,Production Manager,MA,F,Married,US Citizen,No,Black or African American,Production,Diversity Job Fair,Fully Meets,4.5,3,0,0,5,-36.9,7.27,2556
0,0,0,5,2,0,50274,1,19,Production Technician I,MA,F,Single,US Citizen,No,White,Production,CareerBuilder,Needs Improvement,2.5,3,0,6,13,38.4,6.38,1579
0,0,1,3,3,0,84903,0,22,Senior BI Developer,MA,M,Single,US Citizen,No,Asian,IT/IS,Indeed,Fully Meets,3.42,4,7,0,17,37.5,1.88,-3
0,4,0,3,3,0,107226,0,28,Sr. Network Engineer,MA,F,Widowed,US Citizen,No,Asian,IT/IS,Employee Referral,Fully Meets,4.2,4,8,0,7,40.7,3.76,-35
0,0,1,5,3,0,58371,1,19,Production Technician I,MA,M,Single,US Citizen,Yes,White,Production,LinkedIn,Fully Meets,5.0,5,0,0,11,31.6,7.98,1692
1,1,1,5,3,0,55140,1,19,Production Technician I,MA,M,Married,Eligible NonCitizen,No,White,Production,Website,Fully Meets,5.0,3,0,0,7,-46.7,7.63,1416
0,2,0,5,3,0,58062,1,19,Production Technician I,MA,F,Divorced,US Citizen,No,White,Production,Google Search,Fully Meets,3.6,5,0,0,9,35.4,7.98,2886
0,0,0,5,3,1,59728,1,19,Production Technician I,MA,F,Single,US Citizen,Yes,Black or African American,Production,Diversity Job Fair,Fully Meets,4.3,4,0,0,16,-50.8,6.98,1674
0,0,1,5,4,0,70507,1,20,Production Technician II,MA,M,Single,US Citizen,No,White,Production,LinkedIn,Exceeds,5.0,3,0,0,7,-39.8,5.98,1078
0,0,0,5,3,0,60446,0,20,Production Technician II,MA,F,Single,US Citizen,No,White,Production,LinkedIn,Fully Meets,3.4,4,0,0,14,33.7,4.26,-51
0,0,1,5,3,0,65893,0,20,Production Technician II,MA,M,Single,US Citizen,No,White,Production,LinkedIn,Fully Meets,4.07,4,0,0,13,33.6,4.49,-58
0,0,0,5,1,0,48513,1,19,Production Technician I,MA,F,Single,US Citizen,No,Asian,Production,Google Search,PIP,3.2,2,0,5,4,36.7,10.33,1217
0,0,0,3,4,0,220450,0,6,CIO,MA,F,Single,US Citizen,No,White,IT/IS,Employee Referral,Exceeds,4.6,5,6,0,16,39.3,8.73,-51
0,0,0,3,3,0,89292,0,9,Data Analyst,MA,F,Single,US Citizen,No,White,IT/IS,Employee Referral,Fully Meets,5.0,3,5,0,11,39.9,3.76,-31
0,4,0,5,3,0,45046,0,19,Production Technician I,MA,F,Widowed,US Citizen,No,Asian,Production,LinkedIn,Fully Meets,4.5,5,0,0,2,40.4,4.26,-29
